Sex,Length,Diameter,Height,Whole_weight,Shucked,Viscera,Shell,ring
I,0.545,0.43,0.14,0.687,0.2615,0.1405,0.25,9
I,0.2,0.15,0.04,0.046,0.021,0.007,0.0065,4
I,0.51,0.405,0.135,0.769,0.3655,0.1585,0.18,7
I,0.395,0.27,0.1,0.2985,0.1445,0.061,0.082,5
I,0.26,0.215,0.08,0.099,0.037,0.0255,0.045,5
F,0.55,0.47,0.15,0.897,0.377,0.184,0.29,9
M,0.6,0.47,0.16,1.194,0.5625,0.3045,0.2635,10
F,0.55,0.445,0.155,0.9905,0.544,0.178,0.218,9
F,0.655,0.5,0.18,1.4155,0.508,0.314,0.445,18
F,0.565,0.44,0.15,0.863,0.435,0.149,0.27,9
M,0.52,0.38,0.135,0.5825,0.2505,0.1565,0.175,8
M,0.6,0.495,0.165,1.2415,0.485,0.2775,0.34,15
F,0.635,0.505,0.17,1.415,0.605,0.297,0.365,15
M,0.64,0.5,0.185,1.3035,0.4445,0.2635,0.465,16
M,0.53,0.425,0.11,0.739,0.237,0.161,0.295,13
I,0.51,0.4,0.145,0.5775,0.231,0.143,0.177,9
F,0.66,0.5,0.165,1.1905,0.4585,0.298,0.37,12
M,0.585,0.465,0.19,1.171,0.3905,0.2355,0.4,17
I,0.575,0.45,0.135,0.8245,0.3375,0.2115,0.239,11
M,0.555,0.41,0.125,0.599,0.2345,0.1465,0.194,8
I,0.36,0.265,0.095,0.2315,0.105,0.046,0.075,7
I,0.34,0.25,0.09,0.179,0.0775,0.033,0.055,6
M,0.445,0.355,0.11,0.4415,0.1805,0.1035,0.1505,10
F,0.425,0.33,0.115,0.406,0.1635,0.081,0.1355,8
F,0.675,0.54,0.21,1.593,0.686,0.318,0.45,11
M,0.595,0.46,0.17,1.1295,0.57,0.2555,0.265,10
F,0.515,0.415,0.14,0.6935,0.3115,0.152,0.2,10
F,0.54,0.475,0.155,1.217,0.5305,0.3075,0.34,16
I,0.51,0.385,0.145,0.7665,0.3985,0.14,0.1805,8
I,0.285,0.215,0.06,0.0935,0.031,0.023,0.03,6
F,0.675,0.525,0.155,1.4785,0.628,0.3405,0.42,9
M,0.545,0.435,0.165,0.9955,0.3245,0.2665,0.325,19
M,0.63,0.485,0.145,1.062,0.5065,0.1785,0.3365,12
M,0.68,0.53,0.205,1.496,0.5825,0.337,0.465,14
I,0.33,0.25,0.075,0.1405,0.056,0.035,0.05,5
I,0.32,0.245,0.08,0.1585,0.0635,0.0325,0.05,13
I,0.575,0.455,0.16,0.9895,0.495,0.195,0.246,9
M,0.495,0.39,0.15,0.853,0.3285,0.189,0.27,14
M,0.5,0.38,0.12,0.5765,0.273,0.135,0.145,9
I,0.35,0.25,0.1,0.4015,0.1725,0.063,0.1255,7
M,0.56,0.445,0.16,0.8965,0.42,0.2175,0.2215,8
I,0.56,0.44,0.17,0.9445,0.3545,0.2175,0.3,12
M,0.47,0.375,0.13,0.5795,0.2145,0.164,0.195,13
F,0.585,0.42,0.155,0.9845,0.442,0.2155,0.2875,13
F,0.59,0.455,0.165,1.161,0.38,0.2455,0.28,12
I,0.42,0.315,0.11,0.4025,0.1855,0.083,0.1015,8
F,0.605,0.485,0.165,1.0105,0.435,0.209,0.3,19
F,0.74,0.575,0.22,2.012,0.8915,0.5265,0.471,12
I,0.32,0.225,0.085,0.1415,0.0675,0.0295,0.0405,6
M,0.675,0.525,0.16,1.2835,0.572,0.2755,0.3545,13
M,0.205,0.155,0.045,0.0425,0.017,0.0055,0.0155,7
F,0.635,0.495,0.175,1.2355,0.5205,0.3085,0.347,10
I,0.41,0.325,0.1,0.3245,0.132,0.072,0.106,6
F,0.6,0.48,0.15,1.029,0.4085,0.2705,0.295,16
M,0.58,0.46,0.165,1.2275,0.473,0.1965,0.435,16
M,0.63,0.5,0.175,1.2645,0.5635,0.3065,0.3425,10
I,0.59,0.45,0.145,1.022,0.428,0.268,0.265,10
M,0.57,0.45,0.14,0.9275,0.477,0.1605,0.2515,8
M,0.565,0.415,0.125,0.667,0.302,0.1545,0.185,7
F,0.6,0.45,0.14,0.837,0.37,0.177,0.2425,10
F,0.655,0.5,0.205,1.528,0.6215,0.3725,0.4535,11
M,0.58,0.46,0.155,1.0335,0.469,0.2225,0.295,10
M,0.65,0.515,0.175,1.466,0.677,0.3045,0.4,10
I,0.625,0.465,0.155,0.972,0.404,0.1845,0.35,14
I,0.445,0.33,0.11,0.358,0.1525,0.067,0.1185,8
I,0.255,0.19,0.07,0.0815,0.028,0.016,0.031,5
F,0.585,0.45,0.17,0.8685,0.3325,0.1635,0.27,22
F,0.45,0.35,0.135,0.56,0.231,0.137,0.145,13
I,0.32,0.235,0.08,0.1485,0.064,0.031,0.045,6
M,0.495,0.395,0.12,0.553,0.224,0.1375,0.167,8
M,0.645,0.5,0.175,1.5105,0.6735,0.3755,0.3775,12
F,0.465,0.35,0.11,0.4085,0.165,0.102,0.131,8
M,0.45,0.36,0.16,0.567,0.174,0.1245,0.225,12
F,0.68,0.57,0.205,1.842,0.625,0.408,0.65,20
M,0.57,0.455,0.155,0.832,0.3585,0.174,0.277,11
I,0.45,0.34,0.12,0.4925,0.241,0.1075,0.12,6
M,0.66,0.545,0.185,1.32,0.5305,0.2635,0.455,16
F,0.645,0.525,0.17,1.37,0.6135,0.283,0.34,10
M,0.505,0.38,0.13,0.656,0.227,0.1785,0.22,13
F,0.64,0.5,0.15,1.2015,0.559,0.231,0.3355,9
I,0.27,0.195,0.065,0.1065,0.0475,0.0225,0.0285,5
F,0.57,0.445,0.155,1.017,0.5265,0.2025,0.265,10
F,0.56,0.455,0.125,0.943,0.344,0.129,0.375,21
M,0.515,0.39,0.12,0.6125,0.302,0.1365,0.1415,8
F,0.73,0.55,0.205,1.908,0.5415,0.3565,0.5965,14
F,0.615,0.455,0.145,1.1155,0.5045,0.238,0.315,10
M,0.425,0.33,0.08,0.361,0.134,0.0825,0.125,7
M,0.645,0.53,0.195,1.39,0.6465,0.2945,0.3735,10
F,0.655,0.515,0.18,1.412,0.6195,0.2485,0.497,11
I,0.445,0.325,0.1,0.378,0.1795,0.1,0.089,7
F,0.37,0.275,0.1,0.2225,0.093,0.026,0.08,8
I,0.4,0.3,0.115,0.318,0.1335,0.0725,0.0935,6
F,0.605,0.475,0.145,1.0185,0.4695,0.225,0.27,15
M,0.625,0.5,0.185,1.2425,0.5995,0.248,0.335,10
M,0.685,0.55,0.19,1.885,0.89,0.41,0.4895,10
I,0.475,0.375,0.115,0.5205,0.233,0.119,0.1455,7
M,0.735,0.585,0.185,2.124,0.952,0.55,0.5,11
M,0.775,0.63,0.25,2.7795,1.3485,0.76,0.578,12
M,0.52,0.4,0.12,0.58,0.234,0.1315,0.185,8
M,0.55,0.435,0.16,0.906,0.342,0.219,0.295,13
I,0.215,0.155,0.06,0.0525,0.021,0.0165,0.015,5
M,0.26,0.2,0.065,0.096,0.044,0.027,0.03,6
F,0.525,0.415,0.14,0.724,0.3475,0.173,0.175,8
F,0.545,0.415,0.15,0.7335,0.2795,0.163,0.2185,11
M,0.635,0.48,0.19,1.467,0.5825,0.303,0.42,15
F,0.69,0.54,0.155,1.454,0.624,0.3105,0.39,9
I,0.55,0.435,0.14,0.7535,0.3285,0.1555,0.2325,10
M,0.39,0.3,0.09,0.3055,0.143,0.0645,0.085,9
M,0.575,0.44,0.185,1.025,0.5075,0.2245,0.2485,10
I,0.36,0.27,0.085,0.196,0.0905,0.034,0.053,7
M,0.6,0.46,0.155,0.6655,0.285,0.149,0.269,11
I,0.605,0.485,0.15,1.238,0.6315,0.226,0.33,11
M,0.73,0.595,0.23,2.8255,1.1465,0.419,0.897,17
I,0.45,0.34,0.125,0.4045,0.171,0.07,0.1345,8
I,0.55,0.425,0.13,0.664,0.2695,0.163,0.21,8
I,0.49,0.375,0.125,0.5445,0.279,0.115,0.13,8
I,0.55,0.42,0.155,0.912,0.495,0.1805,0.205,9
M,0.49,0.39,0.135,0.592,0.242,0.096,0.1835,15
M,0.58,0.46,0.18,1.145,0.48,0.277,0.325,11
M,0.59,0.475,0.145,1.053,0.4415,0.262,0.325,15
I,0.425,0.325,0.11,0.3335,0.173,0.045,0.1,7
F,0.47,0.36,0.13,0.472,0.182,0.114,0.15,10
F,0.645,0.52,0.21,1.5535,0.616,0.3655,0.474,16
M,0.67,0.51,0.2,1.5945,0.6705,0.3845,0.4505,10
I,0.56,0.425,0.14,0.9175,0.4005,0.1975,0.26,10
M,0.59,0.435,0.165,0.9765,0.4525,0.2395,0.235,9
F,0.64,0.505,0.175,1.3185,0.6185,0.302,0.3315,9
I,0.35,0.25,0.07,0.18,0.0655,0.048,0.054,6
I,0.55,0.42,0.13,0.636,0.294,0.144,0.1755,8
F,0.56,0.43,0.15,0.8745,0.453,0.161,0.22,8
F,0.555,0.425,0.14,0.788,0.282,0.1595,0.285,11
I,0.53,0.43,0.135,0.6255,0.245,0.1455,0.2135,10
M,0.55,0.45,0.175,1.0985,0.3765,0.215,0.4,14
M,0.53,0.42,0.165,0.8945,0.319,0.239,0.245,11
M,0.62,0.49,0.155,1.1,0.505,0.2475,0.31,9
M,0.535,0.42,0.125,0.738,0.355,0.1895,0.1795,8
I,0.665,0.5,0.17,1.2975,0.6035,0.291,0.3595,9
F,0.67,0.54,0.2,1.46,0.6435,0.328,0.4165,9
M,0.46,0.365,0.125,0.467,0.1895,0.0945,0.158,10
M,0.58,0.45,0.14,0.9615,0.486,0.1815,0.253,9
F,0.72,0.565,0.17,1.613,0.723,0.3255,0.4945,12
I,0.45,0.335,0.11,0.4195,0.181,0.085,0.1345,7
F,0.64,0.5,0.18,1.4995,0.593,0.314,0.431,11
I,0.525,0.375,0.12,0.6315,0.3045,0.114,0.19,9
F,0.575,0.47,0.155,1.116,0.509,0.238,0.34,10
M,0.62,0.48,0.155,1.2555,0.527,0.374,0.3175,11
I,0.56,0.455,0.145,0.974,0.547,0.1615,0.235,9
F,0.665,0.57,0.185,1.522,0.6965,0.3025,0.405,13
I,0.435,0.325,0.105,0.335,0.136,0.065,0.115,8
M,0.7,0.55,0.175,1.4405,0.6565,0.2985,0.375,12
M,0.535,0.405,0.185,0.8345,0.3175,0.1725,0.29,16
M,0.565,0.455,0.15,0.9595,0.4565,0.2395,0.23,9
I,0.3,0.215,0.05,0.1185,0.048,0.0225,0.042,4
F,0.61,0.46,0.145,1.1185,0.478,0.2945,0.2985,10
F,0.61,0.475,0.16,1.1155,0.3835,0.223,0.379,10
I,0.48,0.37,0.12,0.514,0.2075,0.131,0.155,13
M,0.53,0.425,0.13,0.7455,0.2995,0.1355,0.245,10
M,0.545,0.42,0.13,0.879,0.374,0.1695,0.23,13
F,0.71,0.55,0.17,1.614,0.743,0.345,0.45,11
F,0.565,0.45,0.16,0.795,0.3605,0.1555,0.23,12
M,0.47,0.365,0.12,0.612,0.327,0.15,0.14,8
F,0.625,0.485,0.19,1.1745,0.4385,0.2305,0.42,17
F,0.5,0.375,0.115,0.5945,0.185,0.148,0.19,11
I,0.465,0.345,0.11,0.393,0.1825,0.0735,0.12,8
I,0.535,0.415,0.15,0.5765,0.3595,0.135,0.225,8
M,0.625,0.47,0.18,1.136,0.451,0.3245,0.305,11
F,0.665,0.51,0.175,1.3805,0.675,0.2985,0.325,10
F,0.385,0.305,0.105,0.3315,0.1365,0.0745,0.1,7
I,0.505,0.38,0.135,0.5385,0.2645,0.095,0.165,9
M,0.555,0.44,0.15,0.838,0.4155,0.146,0.23,8
M,0.62,0.48,0.16,1.0765,0.412,0.253,0.3,13
F,0.61,0.475,0.14,1.133,0.5275,0.2355,0.35,11
M,0.505,0.4,0.155,0.8415,0.2715,0.1775,0.285,12
I,0.485,0.355,0.13,0.581,0.245,0.132,0.168,12
M,0.55,0.42,0.145,0.7385,0.321,0.1485,0.252,11
I,0.505,0.39,0.185,0.6125,0.267,0.142,0.172,7
I,0.475,0.35,0.11,0.4565,0.206,0.099,0.13,6
F,0.72,0.575,0.195,2.1505,1.0745,0.382,0.585,10
M,0.575,0.45,0.16,0.955,0.44,0.1685,0.27,16
M,0.61,0.48,0.15,1.2,0.56,0.2455,0.28,14
I,0.4,0.305,0.1,0.3415,0.176,0.0625,0.0865,7
M,0.625,0.47,0.15,1.124,0.556,0.2315,0.287,9
F,0.585,0.46,0.15,1.0035,0.503,0.2105,0.2515,11
I,0.4,0.3,0.11,0.2985,0.1375,0.071,0.075,6
M,0.36,0.27,0.09,0.2225,0.083,0.053,0.075,6
I,0.51,0.39,0.125,0.597,0.293,0.1265,0.1555,8
M,0.235,0.17,0.055,0.0515,0.018,0.0105,0.0195,7
F,0.595,0.465,0.145,0.7955,0.3425,0.1795,0.2425,10
I,0.53,0.395,0.115,0.475,0.2025,0.101,0.148,8
I,0.43,0.32,0.1,0.3465,0.1635,0.08,0.09,7
M,0.695,0.53,0.19,1.726,0.7625,0.436,0.455,11
F,0.62,0.54,0.165,1.139,0.4995,0.2435,0.357,11
I,0.56,0.435,0.135,0.72,0.329,0.103,0.251,11
I,0.485,0.355,0.105,0.498,0.2175,0.096,0.1525,9
M,0.625,0.48,0.16,1.1415,0.5795,0.2145,0.29,9
F,0.695,0.55,0.185,1.679,0.805,0.4015,0.3965,10
M,0.565,0.44,0.185,0.909,0.344,0.2325,0.255,15
F,0.565,0.45,0.185,0.9285,0.302,0.1805,0.265,12
F,0.64,0.525,0.175,1.382,0.646,0.3115,0.37,9
M,0.165,0.125,0.04,0.0245,0.0095,0.0045,0.008,4
M,0.65,0.505,0.19,1.274,0.59,0.23,0.391,11
I,0.55,0.425,0.135,0.7305,0.3325,0.1545,0.215,9
F,0.45,0.355,0.105,0.5225,0.237,0.1165,0.145,8
F,0.405,0.31,0.12,0.3095,0.138,0.058,0.095,13
M,0.685,0.52,0.15,1.343,0.4635,0.292,0.4,13
F,0.68,0.505,0.17,1.3435,0.657,0.297,0.355,12
F,0.65,0.515,0.215,1.498,0.564,0.323,0.425,16
F,0.57,0.45,0.175,0.9555,0.38,0.1665,0.295,18
I,0.39,0.31,0.1,0.302,0.116,0.064,0.115,11
F,0.455,0.375,0.125,0.458,0.1985,0.111,0.12,10
I,0.545,0.43,0.15,0.742,0.3525,0.158,0.208,10
M,0.635,0.51,0.185,1.308,0.544,0.318,0.377,8
F,0.575,0.46,0.185,1.094,0.4485,0.217,0.345,15
F,0.62,0.475,0.15,0.9545,0.455,0.1865,0.277,9
I,0.4,0.315,0.085,0.2675,0.116,0.0585,0.0765,6
I,0.555,0.425,0.145,0.7905,0.3485,0.1765,0.225,9
F,0.625,0.48,0.2,1.3235,0.6075,0.3055,0.355,9
I,0.305,0.245,0.075,0.156,0.0675,0.038,0.045,7
F,0.545,0.41,0.14,0.7405,0.3565,0.1775,0.203,9
M,0.485,0.39,0.135,0.617,0.25,0.1345,0.1635,8
M,0.5,0.375,0.13,0.721,0.3055,0.1725,0.22,14
F,0.635,0.515,0.19,1.3715,0.5065,0.305,0.45,10
I,0.475,0.35,0.12,0.4905,0.2035,0.13,0.135,7
F,0.275,0.195,0.07,0.08,0.031,0.0215,0.025,5
I,0.325,0.25,0.075,0.1585,0.075,0.0305,0.0455,6
F,0.58,0.45,0.15,0.92,0.393,0.212,0.2895,9
I,0.415,0.325,0.115,0.3285,0.1405,0.051,0.106,12
M,0.61,0.47,0.15,1.1625,0.565,0.258,0.3085,11
M,0.565,0.435,0.15,0.99,0.5795,0.1825,0.206,8
I,0.505,0.355,0.125,0.601,0.25,0.1205,0.185,8
F,0.46,0.375,0.12,0.4915,0.2205,0.088,0.17,7
F,0.58,0.435,0.155,0.8785,0.425,0.1685,0.2425,10
I,0.6,0.445,0.175,1.057,0.383,0.216,0.355,16
I,0.465,0.36,0.105,0.452,0.22,0.159,0.1035,9
M,0.67,0.55,0.17,1.247,0.472,0.2455,0.4,21
F,0.625,0.495,0.165,1.262,0.507,0.318,0.39,10
F,0.585,0.455,0.13,0.8755,0.411,0.2065,0.225,8
I,0.385,0.29,0.09,0.232,0.0855,0.0495,0.08,7
I,0.275,0.2,0.055,0.0925,0.038,0.021,0.026,4
F,0.56,0.43,0.15,0.8825,0.3465,0.172,0.31,9
I,0.585,0.45,0.135,0.855,0.3795,0.187,0.26,9
M,0.65,0.505,0.17,1.5595,0.695,0.3515,0.395,11
I,0.36,0.27,0.09,0.2075,0.098,0.039,0.062,6
M,0.67,0.525,0.17,1.4005,0.715,0.3025,0.387,9
I,0.48,0.35,0.135,0.5465,0.2735,0.0995,0.158,8
M,0.685,0.52,0.15,1.3735,0.7185,0.293,0.32,11
M,0.525,0.395,0.13,0.7635,0.3375,0.1425,0.225,8
I,0.38,0.275,0.095,0.1375,0.086,0.0585,0.0605,7
F,0.595,0.44,0.135,0.964,0.5005,0.1715,0.2575,10
M,0.52,0.465,0.15,0.9505,0.456,0.199,0.255,8
I,0.56,0.445,0.15,0.8225,0.3685,0.187,0.236,10
F,0.53,0.43,0.17,0.775,0.35,0.152,0.235,17
I,0.48,0.365,0.1,0.461,0.2205,0.0835,0.135,8
I,0.585,0.46,0.145,0.8465,0.339,0.167,0.295,10
I,0.555,0.455,0.17,0.8435,0.309,0.1905,0.3,15
F,0.635,0.51,0.17,1.2235,0.532,0.271,0.354,9
M,0.45,0.355,0.115,0.479,0.2125,0.1045,0.15,8
I,0.5,0.375,0.14,0.5495,0.248,0.112,0.1585,7
M,0.735,0.555,0.22,2.333,1.2395,0.3645,0.6195,12
I,0.435,0.355,0.125,0.4075,0.1535,0.074,0.165,9
F,0.595,0.455,0.155,1.0605,0.5135,0.2165,0.3,12
M,0.63,0.47,0.145,1.1005,0.52,0.26,0.276,9
F,0.545,0.43,0.165,0.802,0.2935,0.183,0.28,11
I,0.335,0.25,0.075,0.1825,0.0705,0.044,0.055,7
I,0.525,0.39,0.105,0.567,0.2875,0.1075,0.16,8
I,0.275,0.2,0.075,0.086,0.0305,0.019,0.03,7
I,0.5,0.395,0.14,0.6215,0.2925,0.1205,0.195,9
F,0.525,0.4,0.13,0.6995,0.3115,0.131,0.223,9
M,0.425,0.335,0.1,0.4085,0.1755,0.092,0.135,9
F,0.53,0.425,0.13,0.717,0.2115,0.166,0.255,13
F,0.47,0.35,0.115,0.487,0.1955,0.127,0.155,8
F,0.72,0.55,0.2,1.9965,0.9035,0.469,0.5215,10
M,0.63,0.49,0.155,1.229,0.535,0.29,0.335,11
F,0.645,0.49,0.16,1.1665,0.4935,0.3155,0.299,9
F,0.605,0.495,0.17,1.2385,0.528,0.2465,0.39,14
M,0.525,0.405,0.12,0.7555,0.3755,0.1555,0.201,9
I,0.245,0.195,0.06,0.095,0.0445,0.0245,0.026,4
I,0.47,0.355,0.125,0.499,0.21,0.0985,0.155,8
M,0.585,0.455,0.15,0.987,0.4355,0.2075,0.31,11
M,0.64,0.525,0.2,1.3765,0.44,0.3075,0.47,16
F,0.595,0.47,0.155,1.121,0.4515,0.178,0.155,11
F,0.57,0.465,0.18,0.9995,0.405,0.277,0.295,16
I,0.475,0.375,0.11,0.494,0.211,0.109,0.1545,8
I,0.375,0.28,0.1,0.2565,0.1165,0.0585,0.0725,12
F,0.6,0.47,0.135,0.97,0.4655,0.1955,0.264,11
I,0.55,0.425,0.135,0.656,0.257,0.17,0.203,10
F,0.655,0.545,0.185,1.759,0.6865,0.313,0.547,11
I,0.46,0.36,0.105,0.466,0.2225,0.099,0.11,7
M,0.665,0.5,0.175,1.2975,0.6075,0.314,0.315,9
I,0.425,0.38,0.105,0.3265,0.1285,0.0785,0.1,10
M,0.45,0.335,0.125,0.349,0.119,0.1055,0.115,10
M,0.62,0.47,0.15,1.309,0.587,0.4405,0.325,9
I,0.55,0.42,0.135,0.816,0.3995,0.1485,0.23,12
F,0.67,0.53,0.225,1.5615,0.63,0.487,0.3725,11
I,0.53,0.405,0.12,0.632,0.2715,0.148,0.1875,9
I,0.44,0.345,0.12,0.365,0.1655,0.083,0.11,7
M,0.615,0.475,0.175,1.224,0.6035,0.261,0.311,9
I,0.55,0.425,0.15,0.7665,0.339,0.176,0.21,8
I,0.415,0.325,0.1,0.313,0.139,0.0625,0.0965,7
F,0.535,0.445,0.125,0.8725,0.417,0.199,0.24,8
M,0.615,0.475,0.155,1.0735,0.4375,0.2585,0.31,11
M,0.56,0.45,0.185,1.07,0.3805,0.175,0.41,19
F,0.72,0.575,0.17,1.9335,0.913,0.389,0.51,13
M,0.605,0.475,0.155,1.161,0.572,0.2455,0.275,9
F,0.695,0.525,0.205,1.8185,0.819,0.4025,0.4525,13
F,0.44,0.35,0.125,0.4035,0.175,0.063,0.129,9
F,0.47,0.355,0.13,0.5465,0.2005,0.126,0.185,14
F,0.53,0.385,0.125,0.6695,0.289,0.151,0.18,10
F,0.615,0.525,0.155,1.0385,0.427,0.2315,0.345,11
I,0.325,0.25,0.07,0.1745,0.0875,0.0355,0.04,7
I,0.415,0.32,0.11,0.3735,0.175,0.0755,0.109,7
F,0.625,0.49,0.11,1.136,0.5265,0.1915,0.2925,9
M,0.52,0.415,0.175,0.753,0.258,0.171,0.255,8
M,0.575,0.46,0.155,0.892,0.4415,0.176,0.22,10
M,0.535,0.42,0.16,0.72,0.275,0.164,0.225,15
M,0.455,0.345,0.125,0.44,0.169,0.1065,0.135,12
F,0.455,0.35,0.125,0.4485,0.1585,0.102,0.1335,16
M,0.525,0.425,0.12,0.8665,0.2825,0.176,0.29,18
I,0.35,0.26,0.095,0.211,0.086,0.056,0.068,7
I,0.41,0.305,0.1,0.2645,0.1,0.0655,0.085,7
M,0.59,0.49,0.135,1.008,0.422,0.2245,0.285,11
F,0.545,0.435,0.15,0.6855,0.2905,0.145,0.225,10
I,0.375,0.275,0.09,0.238,0.1075,0.0545,0.07,6
I,0.19,0.13,0.045,0.0265,0.009,0.005,0.009,5
F,0.57,0.45,0.135,0.7805,0.3345,0.185,0.21,8
I,0.45,0.365,0.125,0.462,0.2135,0.0985,0.1315,8
F,0.695,0.535,0.175,1.8385,0.8035,0.396,0.503,10
F,0.505,0.385,0.135,0.6185,0.251,0.1175,0.2,12
I,0.36,0.265,0.075,0.1785,0.0785,0.035,0.054,6
M,0.56,0.43,0.155,0.8675,0.4,0.172,0.229,8
I,0.66,0.525,0.215,1.786,0.6725,0.3615,0.4065,11
M,0.59,0.46,0.155,0.906,0.327,0.1485,0.335,15
F,0.74,0.6,0.195,1.974,0.598,0.4085,0.71,16
M,0.51,0.41,0.145,0.796,0.3865,0.1815,0.1955,8
I,0.505,0.405,0.13,0.6015,0.3015,0.11,0.18,8
F,0.58,0.445,0.135,0.95,0.484,0.182,0.2325,8
M,0.605,0.475,0.15,1.15,0.575,0.232,0.297,10
M,0.625,0.49,0.165,1.1835,0.517,0.2375,0.39,11
I,0.36,0.275,0.11,0.2335,0.095,0.0525,0.085,10
M,0.63,0.49,0.16,1.09,0.407,0.224,0.354,12
M,0.475,0.375,0.125,0.593,0.277,0.115,0.18,10
M,0.765,0.6,0.22,2.302,1.007,0.509,0.6205,12
F,0.545,0.43,0.14,0.832,0.4355,0.17,0.201,9
M,0.58,0.43,0.13,0.798,0.365,0.173,0.2285,10
M,0.6,0.5,0.16,1.015,0.3995,0.1735,0.33,19
F,0.61,0.495,0.185,1.153,0.536,0.2905,0.245,8
F,0.45,0.345,0.12,0.4165,0.1655,0.095,0.135,9
F,0.705,0.555,0.2,1.4685,0.4715,0.3235,0.52,19
I,0.44,0.355,0.165,0.435,0.159,0.105,0.14,16
M,0.71,0.56,0.22,2.015,0.9215,0.454,0.566,11
F,0.455,0.355,0.12,0.4495,0.177,0.104,0.15,9
M,0.625,0.495,0.155,1.0485,0.487,0.212,0.3215,11
I,0.42,0.32,0.11,0.309,0.115,0.0645,0.0945,6
F,0.69,0.53,0.17,1.5535,0.7945,0.3485,0.3695,9
F,0.575,0.48,0.17,1.1,0.506,0.2485,0.31,10
I,0.305,0.225,0.09,0.1465,0.063,0.034,0.0415,6
M,0.58,0.445,0.15,0.9525,0.4315,0.1945,0.287,11
I,0.49,0.39,0.12,0.511,0.2205,0.103,0.1745,9
I,0.4,0.3,0.11,0.315,0.109,0.067,0.12,9
F,0.595,0.455,0.16,1.04,0.452,0.2655,0.288,9
M,0.595,0.475,0.17,1.0965,0.419,0.229,0.35,17
M,0.5,0.365,0.13,0.5945,0.309,0.1085,0.1535,9
F,0.62,0.5,0.175,1.107,0.4895,0.24,0.343,11
M,0.66,0.51,0.18,1.261,0.5,0.2335,0.339,10
F,0.455,0.365,0.11,0.385,0.166,0.046,0.1345,13
I,0.46,0.345,0.105,0.449,0.196,0.0945,0.1265,7
M,0.625,0.5,0.18,1.3705,0.645,0.303,0.3705,12
M,0.5,0.375,0.145,0.6215,0.274,0.166,0.1485,7
M,0.565,0.455,0.15,0.9795,0.444,0.205,0.275,8
M,0.555,0.44,0.15,1.092,0.416,0.212,0.4405,15
M,0.65,0.495,0.16,1.304,0.57,0.312,0.3725,9
M,0.475,0.355,0.125,0.4625,0.186,0.107,0.145,9
F,0.53,0.425,0.17,0.949,0.3485,0.2395,0.278,17
I,0.31,0.225,0.075,0.155,0.065,0.037,0.0365,6
I,0.14,0.105,0.035,0.014,0.0055,0.0025,0.004,3
F,0.585,0.435,0.14,0.6955,0.3085,0.129,0.2245,8
F,0.615,0.49,0.19,1.1345,0.4695,0.257,0.348,11
F,0.655,0.515,0.2,1.494,0.7255,0.309,0.405,12
I,0.5,0.365,0.125,0.528,0.229,0.103,0.1645,9
F,0.58,0.455,0.12,0.94,0.399,0.257,0.265,11
M,0.675,0.515,0.15,1.312,0.556,0.2845,0.4115,11
F,0.735,0.565,0.205,2.1275,0.949,0.46,0.565,12
I,0.52,0.38,0.115,0.6645,0.3285,0.17,0.1425,7
I,0.52,0.415,0.14,0.6385,0.2945,0.1405,0.171,8
F,0.45,0.38,0.165,0.8165,0.25,0.1915,0.265,23
I,0.37,0.275,0.095,0.257,0.1015,0.055,0.0825,6
I,0.37,0.28,0.1,0.221,0.1165,0.0265,0.0635,6
F,0.65,0.545,0.23,1.752,0.5605,0.2895,0.815,16
F,0.625,0.47,0.145,0.984,0.475,0.2,0.265,11
I,0.385,0.265,0.08,0.251,0.124,0.037,0.07,6
F,0.58,0.465,0.165,1.1015,0.404,0.2095,0.35,11
F,0.625,0.475,0.16,1.3335,0.605,0.2875,0.319,10
F,0.57,0.445,0.15,0.995,0.504,0.185,0.2505,9
I,0.39,0.28,0.09,0.215,0.0845,0.034,0.079,8
F,0.565,0.44,0.16,0.915,0.354,0.1935,0.32,12
M,0.625,0.495,0.175,1.2935,0.5805,0.317,0.355,9
I,0.3,0.23,0.095,0.1385,0.056,0.0365,0.037,6
I,0.25,0.18,0.065,0.0685,0.0245,0.0155,0.0225,5
F,0.595,0.465,0.145,1.107,0.402,0.2415,0.31,12
M,0.625,0.5,0.195,1.369,0.5875,0.2185,0.37,17
I,0.375,0.275,0.095,0.2295,0.095,0.0545,0.066,7
F,0.57,0.465,0.155,0.872,0.3245,0.239,0.285,14
I,0.385,0.29,0.09,0.2365,0.1,0.0505,0.076,8
F,0.465,0.35,0.135,0.6265,0.259,0.1445,0.175,8
F,0.62,0.48,0.17,1.1045,0.535,0.25,0.287,10
M,0.55,0.425,0.16,0.793,0.343,0.2035,0.215,9
F,0.515,0.4,0.125,0.615,0.2865,0.123,0.1765,8
F,0.52,0.395,0.18,0.64,0.158,0.11,0.245,22
F,0.395,0.3,0.105,0.3375,0.1435,0.0755,0.098,12
M,0.515,0.395,0.12,0.646,0.285,0.1365,0.172,9
F,0.66,0.5,0.175,1.3275,0.556,0.2805,0.4085,9
M,0.555,0.44,0.135,0.9025,0.3805,0.2105,0.28,13
I,0.355,0.27,0.075,0.1775,0.079,0.0315,0.054,6
M,0.525,0.4,0.14,0.7325,0.334,0.1575,0.17,11
I,0.44,0.35,0.12,0.375,0.1425,0.0965,0.115,9
F,0.325,0.26,0.09,0.1915,0.085,0.036,0.062,7
I,0.525,0.405,0.125,0.657,0.2985,0.1505,0.168,10
I,0.295,0.215,0.085,0.128,0.049,0.034,0.04,6
M,0.665,0.515,0.2,1.2695,0.5115,0.2675,0.436,12
F,0.5,0.4,0.165,0.7105,0.27,0.1455,0.225,20
M,0.6,0.475,0.155,1.1385,0.502,0.2295,0.31,9
I,0.525,0.4,0.14,0.654,0.305,0.16,0.169,7
I,0.45,0.35,0.145,0.525,0.2085,0.1,0.1655,15
F,0.58,0.46,0.18,1.0515,0.4095,0.2595,0.276,8
M,0.62,0.51,0.175,1.615,0.5105,0.192,0.675,12
M,0.555,0.435,0.135,0.858,0.377,0.1585,0.29,15
F,0.62,0.51,0.175,1.1255,0.4985,0.227,0.315,14
F,0.58,0.5,0.165,0.925,0.37,0.185,0.3005,10
F,0.695,0.55,0.155,1.8495,0.767,0.442,0.4175,10
M,0.66,0.495,0.195,1.6275,0.594,0.3595,0.485,10
I,0.53,0.41,0.15,0.612,0.2435,0.1525,0.1895,11
F,0.655,0.525,0.19,1.3595,0.564,0.3215,0.3985,10
M,0.71,0.56,0.175,1.724,0.566,0.4575,0.4625,13
I,0.405,0.3,0.11,0.32,0.172,0.044,0.093,7
I,0.355,0.27,0.105,0.271,0.1425,0.0525,0.0735,9
M,0.48,0.37,0.13,0.643,0.349,0.1155,0.135,8
I,0.56,0.435,0.13,0.777,0.354,0.173,0.222,9
F,0.525,0.415,0.15,0.7155,0.2355,0.171,0.27,13
M,0.715,0.545,0.18,1.7405,0.871,0.347,0.449,10
I,0.165,0.12,0.03,0.0215,0.007,0.005,0.005,3
I,0.48,0.37,0.125,0.5435,0.244,0.101,0.165,9
M,0.27,0.2,0.08,0.1205,0.0465,0.028,0.04,6
M,0.355,0.265,0.085,0.201,0.069,0.053,0.0695,8
F,0.7,0.525,0.19,1.6015,0.707,0.365,0.43,10
F,0.495,0.4,0.155,0.6445,0.242,0.1325,0.205,17
M,0.49,0.465,0.125,0.5225,0.235,0.13,0.141,7
M,0.63,0.485,0.18,1.2435,0.5175,0.308,0.37,11
F,0.63,0.5,0.155,1.005,0.367,0.199,0.36,16
M,0.61,0.5,0.165,1.2715,0.4915,0.185,0.49,12
I,0.555,0.43,0.155,0.7395,0.3135,0.1435,0.28,10
M,0.515,0.4,0.125,0.955,0.341,0.2535,0.26,13
F,0.405,0.325,0.11,0.3555,0.151,0.063,0.117,9
F,0.61,0.47,0.195,1.2735,0.469,0.3315,0.398,12
I,0.37,0.275,0.09,0.2065,0.096,0.0395,0.058,7
M,0.61,0.45,0.19,1.0805,0.517,0.2495,0.2935,10
M,0.6,0.495,0.175,1.3005,0.6195,0.284,0.3285,11
I,0.35,0.265,0.085,0.1735,0.0775,0.034,0.056,6
F,0.535,0.405,0.125,0.927,0.26,0.1425,0.345,16
F,0.615,0.475,0.175,1.194,0.559,0.259,0.3165,11
M,0.74,0.535,0.185,1.65,0.734,0.4505,0.335,13
M,0.28,0.21,0.065,0.0905,0.035,0.02,0.03,5
M,0.625,0.455,0.17,1.082,0.4955,0.2345,0.315,9
M,0.555,0.46,0.16,0.86,0.3345,0.1935,0.275,10
F,0.49,0.365,0.145,0.6345,0.1995,0.1625,0.22,10
I,0.48,0.38,0.125,0.523,0.2105,0.1045,0.175,15
F,0.68,0.52,0.185,1.494,0.615,0.3935,0.406,11
M,0.67,0.545,0.2,1.7025,0.833,0.374,0.41,11
M,0.63,0.455,0.15,1.1315,0.481,0.2745,0.305,9
I,0.28,0.2,0.075,0.1225,0.0545,0.0115,0.035,5
I,0.42,0.325,0.115,0.354,0.1625,0.064,0.105,8
M,0.585,0.46,0.145,0.9335,0.478,0.1825,0.235,9
I,0.66,0.525,0.18,1.6935,0.6025,0.4005,0.42,15
M,0.725,0.57,0.19,2.3305,1.253,0.541,0.52,9
I,0.29,0.225,0.07,0.101,0.036,0.0235,0.035,8
M,0.64,0.505,0.18,1.297,0.59,0.3125,0.363,11
M,0.635,0.5,0.165,1.273,0.6535,0.213,0.365,12
I,0.43,0.335,0.105,0.378,0.188,0.0785,0.09,6
F,0.62,0.465,0.14,1.011,0.479,0.2385,0.255,8
F,0.625,0.485,0.175,1.3745,0.7335,0.2715,0.332,9
F,0.58,0.44,0.175,1.073,0.4005,0.2345,0.335,19
F,0.545,0.445,0.175,0.8525,0.3465,0.189,0.295,13
M,0.6,0.475,0.15,1.089,0.5195,0.223,0.292,11
M,0.575,0.455,0.185,1.156,0.5525,0.243,0.295,13
F,0.385,0.315,0.11,0.286,0.1225,0.0635,0.0835,10
M,0.56,0.45,0.145,0.9355,0.425,0.1645,0.2725,11
I,0.55,0.44,0.165,0.8605,0.312,0.169,0.3,17
M,0.59,0.44,0.15,0.9555,0.366,0.2425,0.295,11
I,0.55,0.415,0.15,0.7915,0.3535,0.176,0.236,10
I,0.51,0.395,0.105,0.5525,0.234,0.127,0.165,8
F,0.44,0.355,0.115,0.415,0.1585,0.0925,0.131,11
M,0.56,0.415,0.13,0.7615,0.3695,0.17,0.1955,8
F,0.505,0.38,0.135,0.6855,0.361,0.1565,0.161,9
I,0.455,0.35,0.105,0.4445,0.213,0.107,0.1115,7
I,0.36,0.27,0.095,0.2,0.073,0.056,0.061,8
I,0.405,0.305,0.1,0.268,0.1145,0.053,0.085,7
I,0.575,0.425,0.135,0.7965,0.364,0.196,0.239,10
M,0.6,0.48,0.155,1.014,0.451,0.1885,0.325,11
I,0.26,0.205,0.07,0.097,0.0415,0.019,0.0305,4
F,0.595,0.465,0.15,1.0255,0.412,0.2745,0.289,11
M,0.53,0.405,0.15,0.8315,0.352,0.187,0.2525,10
M,0.625,0.485,0.17,1.437,0.5855,0.293,0.475,11
I,0.42,0.31,0.1,0.2805,0.1125,0.0615,0.0925,8
M,0.595,0.47,0.145,0.991,0.4035,0.1505,0.34,16
I,0.335,0.245,0.09,0.1665,0.0595,0.04,0.06,6
M,0.615,0.47,0.175,1.242,0.5675,0.287,0.317,11
M,0.435,0.335,0.11,0.4385,0.2075,0.0715,0.1315,7
I,0.345,0.255,0.085,0.2005,0.105,0.037,0.05,5
I,0.44,0.31,0.115,0.3625,0.134,0.082,0.12,11
M,0.68,0.515,0.16,1.2345,0.618,0.2625,0.325,11
I,0.495,0.33,0.1,0.44,0.177,0.095,0.15,7
F,0.41,0.305,0.1,0.363,0.1735,0.065,0.11,11
M,0.535,0.44,0.15,0.6765,0.256,0.139,0.26,12
M,0.565,0.455,0.185,0.9265,0.354,0.1575,0.375,16
F,0.465,0.36,0.12,0.4765,0.192,0.1125,0.16,10
M,0.56,0.41,0.165,0.93,0.3505,0.237,0.3,13
F,0.575,0.46,0.15,0.927,0.333,0.207,0.2985,9
I,0.43,0.33,0.095,0.32,0.118,0.065,0.123,7
M,0.425,0.325,0.095,0.3785,0.1705,0.08,0.1,7
M,0.58,0.43,0.125,0.9115,0.446,0.2075,0.121,10
M,0.425,0.35,0.105,0.393,0.13,0.063,0.165,9
M,0.585,0.465,0.15,0.98,0.4315,0.2545,0.247,9
F,0.47,0.365,0.12,0.582,0.29,0.092,0.146,8
M,0.64,0.515,0.08,1.042,0.515,0.1755,0.175,10
F,0.71,0.56,0.18,1.652,0.735,0.381,0.4525,11
F,0.58,0.48,0.18,1.2495,0.4945,0.27,0.371,8
F,0.575,0.46,0.145,0.9945,0.466,0.229,0.265,7
I,0.495,0.37,0.125,0.4775,0.185,0.0705,0.169,18
M,0.665,0.525,0.18,1.429,0.6715,0.29,0.4,12
I,0.54,0.415,0.155,0.702,0.322,0.167,0.19,10
F,0.66,0.52,0.2,1.676,0.673,0.4805,0.45,17
M,0.595,0.47,0.155,1.2015,0.492,0.3865,0.265,10
I,0.36,0.25,0.115,0.465,0.21,0.1055,0.128,7
M,0.67,0.51,0.18,1.68,0.926,0.2975,0.3935,13
I,0.55,0.425,0.155,0.8725,0.412,0.187,0.2425,10
M,0.51,0.395,0.145,0.6185,0.216,0.1385,0.24,12
F,0.535,0.4,0.135,0.8215,0.3935,0.196,0.205,8
F,0.6,0.47,0.2,1.031,0.392,0.2035,0.29,15
M,0.4,0.3,0.125,0.417,0.191,0.09,0.1175,9
F,0.595,0.48,0.2,0.975,0.358,0.2035,0.34,15
I,0.375,0.29,0.085,0.2385,0.118,0.045,0.0695,7
I,0.47,0.4,0.16,0.51,0.1615,0.073,0.198,14
F,0.65,0.59,0.22,1.662,0.77,0.378,0.435,11
I,0.525,0.4,0.125,0.6965,0.369,0.1385,0.164,9
I,0.5,0.38,0.135,0.5285,0.226,0.123,0.209,8
M,0.695,0.53,0.15,1.477,0.6375,0.3025,0.43,14
I,0.475,0.365,0.14,0.4545,0.171,0.118,0.158,8
M,0.47,0.39,0.15,0.6355,0.2185,0.0885,0.255,9
F,0.475,0.375,0.14,0.501,0.192,0.1175,0.175,13
M,0.48,0.38,0.13,0.6175,0.3,0.142,0.175,12
F,0.73,0.555,0.18,1.6895,0.6555,0.1965,0.4935,10
F,0.63,0.475,0.175,1.423,0.4155,0.3385,0.49,14
M,0.58,0.47,0.165,1.041,0.54,0.166,0.279,9
I,0.49,0.385,0.14,0.5425,0.198,0.127,0.175,11
I,0.315,0.23,0.09,0.1285,0.043,0.04,0.04,7
I,0.53,0.395,0.13,0.575,0.247,0.115,0.183,9
M,0.465,0.36,0.105,0.488,0.188,0.0845,0.19,10
I,0.41,0.33,0.105,0.335,0.1525,0.074,0.11,7
M,0.45,0.335,0.14,0.4625,0.164,0.076,0.15,14
F,0.49,0.4,0.115,0.569,0.256,0.1325,0.145,9
I,0.36,0.28,0.09,0.2255,0.0885,0.04,0.09,8
F,0.545,0.42,0.175,0.754,0.256,0.1775,0.275,10
F,0.555,0.44,0.14,0.846,0.346,0.1715,0.2735,10
M,0.535,0.405,0.14,0.7315,0.336,0.156,0.19,7
M,0.645,0.515,0.16,1.1845,0.506,0.311,0.335,9
I,0.45,0.335,0.095,0.3505,0.1615,0.0625,0.1185,7
M,0.55,0.46,0.13,0.7085,0.305,0.1455,0.205,12
I,0.515,0.35,0.105,0.4745,0.213,0.123,0.1275,10
I,0.225,0.165,0.055,0.059,0.027,0.0125,0.015,4
M,0.695,0.56,0.185,1.74,0.885,0.3715,0.4375,10
F,0.72,0.575,0.18,1.6705,0.732,0.3605,0.501,12
F,0.605,0.5,0.185,1.1185,0.469,0.2585,0.335,9
I,0.485,0.415,0.14,0.5705,0.25,0.134,0.185,8
I,0.36,0.28,0.105,0.199,0.0695,0.045,0.08,9
M,0.41,0.325,0.12,0.3745,0.158,0.081,0.125,12
M,0.685,0.55,0.2,1.7725,0.813,0.387,0.49,11
F,0.64,0.505,0.165,1.2235,0.5215,0.2695,0.36,10
F,0.58,0.45,0.195,0.8265,0.4035,0.173,0.225,9
M,0.625,0.48,0.175,1.065,0.4865,0.259,0.285,10
M,0.58,0.46,0.15,1.049,0.5205,0.1935,0.305,10
M,0.535,0.435,0.15,0.725,0.269,0.1385,0.25,9
F,0.58,0.45,0.155,0.93,0.385,0.246,0.265,9
M,0.59,0.46,0.14,1.004,0.496,0.2165,0.26,9
I,0.23,0.165,0.06,0.0515,0.019,0.0145,0.036,4
F,0.545,0.425,0.125,0.768,0.294,0.1495,0.26,16
M,0.51,0.4,0.14,0.6905,0.259,0.151,0.23,10
M,0.57,0.45,0.155,1.1935,0.513,0.21,0.343,10
F,0.36,0.265,0.09,0.2065,0.078,0.057,0.06,8
I,0.275,0.205,0.075,0.1105,0.045,0.0285,0.035,6
M,0.66,0.53,0.195,1.5505,0.6505,0.3295,0.495,10
M,0.605,0.49,0.18,1.227,0.48,0.287,0.35,18
I,0.235,0.175,0.065,0.0615,0.0205,0.02,0.019,6
M,0.35,0.265,0.09,0.2265,0.0995,0.0575,0.065,6
I,0.375,0.275,0.1,0.2325,0.1165,0.042,0.065,6
M,0.575,0.475,0.145,0.857,0.3665,0.173,0.269,9
M,0.375,0.29,0.1,0.276,0.1175,0.0565,0.085,9
F,0.745,0.57,0.215,2.25,1.1565,0.446,0.558,9
F,0.485,0.4,0.155,0.731,0.236,0.183,0.255,11
F,0.625,0.5,0.16,1.217,0.5725,0.207,0.355,11
I,0.425,0.31,0.105,0.365,0.159,0.0825,0.105,6
M,0.47,0.375,0.115,0.4265,0.1685,0.0755,0.15,8
I,0.62,0.47,0.14,0.8565,0.3595,0.16,0.295,9
I,0.335,0.26,0.085,0.192,0.097,0.03,0.054,6
F,0.595,0.465,0.155,1.026,0.4645,0.112,0.305,12
M,0.52,0.39,0.12,0.6435,0.2885,0.157,0.161,7
M,0.35,0.265,0.09,0.2255,0.0995,0.0485,0.07,7
I,0.61,0.46,0.17,1.278,0.41,0.257,0.37,17
I,0.355,0.26,0.09,0.1925,0.077,0.038,0.065,8
F,0.61,0.485,0.18,1.2795,0.5735,0.2855,0.355,7
F,0.58,0.465,0.145,0.9865,0.47,0.2155,0.25,11
M,0.655,0.525,0.185,1.259,0.487,0.2215,0.445,20
I,0.46,0.355,0.11,0.436,0.1975,0.096,0.125,8
I,0.365,0.26,0.115,0.218,0.0935,0.0445,0.07,9
I,0.255,0.185,0.06,0.0925,0.039,0.021,0.025,6
I,0.3,0.23,0.08,0.1275,0.0435,0.0265,0.04,8
F,0.535,0.425,0.155,0.7765,0.302,0.1565,0.25,16
I,0.38,0.3,0.1,0.286,0.1305,0.056,0.09,7
F,0.56,0.455,0.19,0.714,0.283,0.129,0.275,9
F,0.75,0.61,0.235,2.5085,1.232,0.519,0.612,14
F,0.53,0.41,0.145,0.8255,0.375,0.204,0.245,9
M,0.655,0.54,0.215,1.844,0.7425,0.327,0.585,22
F,0.675,0.535,0.185,1.5575,0.7035,0.402,0.4,11
I,0.465,0.345,0.11,0.4415,0.1755,0.0905,0.12,7
F,0.58,0.455,0.17,0.9075,0.374,0.2135,0.285,13
M,0.6,0.47,0.16,1.012,0.441,0.2015,0.305,10
I,0.525,0.395,0.12,0.608,0.297,0.1395,0.1405,8
F,0.51,0.4,0.12,0.7005,0.347,0.1105,0.195,10
M,0.395,0.28,0.08,0.266,0.0995,0.066,0.09,12
F,0.72,0.55,0.18,1.52,0.637,0.325,0.435,10
M,0.625,0.495,0.185,1.3835,0.7105,0.3005,0.345,11
I,0.585,0.46,0.14,0.7635,0.326,0.153,0.265,9
F,0.675,0.53,0.175,1.4465,0.6775,0.33,0.389,10
I,0.375,0.28,0.08,0.2165,0.0935,0.0925,0.07,7
I,0.515,0.38,0.12,0.625,0.3265,0.1295,0.16,7
I,0.29,0.21,0.07,0.1115,0.048,0.0205,0.03,5
F,0.525,0.43,0.165,0.717,0.289,0.1745,0.195,10
M,0.56,0.45,0.145,0.894,0.3885,0.2095,0.264,9
M,0.57,0.435,0.145,0.9055,0.3925,0.2355,0.275,10
M,0.355,0.29,0.09,0.3275,0.134,0.086,0.09,9
M,0.61,0.48,0.185,1.3065,0.6895,0.2915,0.29,10
M,0.625,0.5,0.13,1.082,0.5785,0.2045,0.25,8
F,0.535,0.46,0.145,0.7875,0.3395,0.2005,0.2,8
M,0.495,0.38,0.12,0.474,0.197,0.1065,0.1545,10
I,0.475,0.355,0.105,0.468,0.201,0.1115,0.12,8
F,0.56,0.455,0.16,0.967,0.4525,0.207,0.274,9
M,0.505,0.395,0.135,0.5915,0.288,0.1315,0.185,12
F,0.585,0.45,0.16,1.077,0.4995,0.2875,0.25,10
F,0.505,0.41,0.15,0.6345,0.243,0.1335,0.215,17
I,0.18,0.13,0.045,0.0275,0.0125,0.01,0.009,3
F,0.595,0.46,0.16,0.921,0.4005,0.2025,0.2875,9
F,0.655,0.53,0.165,1.2835,0.583,0.1255,0.4,8
F,0.625,0.515,0.18,1.3485,0.5255,0.252,0.3925,14
M,0.55,0.425,0.15,0.8315,0.411,0.1765,0.2165,10
I,0.53,0.395,0.125,0.6235,0.2975,0.108,0.195,11
I,0.47,0.345,0.14,0.4615,0.229,0.1105,0.116,9
M,0.54,0.405,0.125,0.891,0.4815,0.1915,0.202,9
I,0.41,0.335,0.105,0.3305,0.1405,0.064,0.105,7
M,0.63,0.49,0.18,1.13,0.458,0.2765,0.315,12
F,0.58,0.45,0.17,0.9705,0.4615,0.232,0.248,9
M,0.31,0.245,0.095,0.15,0.0525,0.034,0.048,7
M,0.68,0.52,0.165,1.4775,0.724,0.279,0.406,11
I,0.375,0.28,0.08,0.226,0.105,0.047,0.065,6
I,0.47,0.355,0.12,0.3685,0.126,0.0835,0.1365,6
M,0.63,0.505,0.155,1.105,0.492,0.226,0.325,11
F,0.585,0.46,0.165,1.058,0.486,0.25,0.294,9
M,0.71,0.555,0.195,1.9485,0.9455,0.3765,0.495,12
I,0.465,0.37,0.115,0.534,0.261,0.098,0.143,7
F,0.52,0.405,0.115,0.776,0.32,0.1845,0.22,8
F,0.695,0.535,0.175,1.361,0.5465,0.2815,0.465,10
F,0.635,0.51,0.175,1.2125,0.5735,0.261,0.36,14
F,0.52,0.41,0.16,0.712,0.2845,0.153,0.225,10
I,0.31,0.235,0.09,0.127,0.048,0.031,0.04,6
F,0.605,0.485,0.16,1.201,0.417,0.2875,0.38,9
F,0.57,0.445,0.155,0.733,0.282,0.159,0.235,14
F,0.615,0.48,0.16,1.2525,0.585,0.2595,0.33,8
F,0.53,0.425,0.15,0.8495,0.328,0.232,0.202,8
F,0.735,0.565,0.225,2.037,0.87,0.5145,0.5675,13
I,0.3,0.235,0.08,0.131,0.05,0.0265,0.043,4
F,0.675,0.55,0.175,1.689,0.694,0.371,0.474,13
F,0.385,0.305,0.125,0.314,0.146,0.0555,0.08,10
M,0.665,0.54,0.175,1.347,0.4955,0.254,0.415,17
F,0.49,0.375,0.15,0.5755,0.22,0.144,0.19,9
M,0.445,0.35,0.14,0.5905,0.2025,0.158,0.19,14
M,0.6,0.46,0.155,0.9595,0.4455,0.189,0.295,11
F,0.49,0.385,0.125,0.5395,0.2175,0.128,0.165,11
M,0.6,0.475,0.175,1.11,0.5105,0.256,0.285,9
F,0.565,0.45,0.145,0.8495,0.4215,0.1685,0.225,8
M,0.5,0.39,0.135,0.6595,0.3145,0.1535,0.1565,6
M,0.475,0.36,0.14,0.5135,0.241,0.1045,0.155,8
F,0.605,0.455,0.145,0.9775,0.468,0.1775,0.275,9
F,0.65,0.52,0.195,1.6275,0.689,0.3905,0.432,11
I,0.525,0.41,0.175,0.874,0.3585,0.207,0.205,18
I,0.545,0.405,0.135,0.5945,0.27,0.1185,0.185,8
M,0.475,0.37,0.125,0.5095,0.2165,0.1125,0.165,9
F,0.665,0.5,0.15,1.2475,0.4625,0.2955,0.3595,10
I,0.52,0.39,0.13,0.5545,0.2355,0.1095,0.1895,7
I,0.42,0.305,0.09,0.328,0.168,0.0615,0.082,6
I,0.44,0.365,0.115,0.501,0.2435,0.084,0.1465,9
M,0.69,0.505,0.2,1.872,0.893,0.4015,0.48,10
I,0.47,0.345,0.115,0.4885,0.2005,0.108,0.166,11
F,0.8,0.63,0.195,2.526,0.933,0.59,0.62,23
I,0.45,0.345,0.135,0.443,0.1975,0.0875,0.1175,14
M,0.55,0.43,0.13,0.8395,0.3155,0.1955,0.2405,10
I,0.56,0.44,0.14,0.825,0.402,0.139,0.245,10
I,0.515,0.4,0.135,0.6965,0.32,0.1255,0.175,9
F,0.665,0.505,0.16,1.2915,0.631,0.2925,0.32,11
F,0.53,0.435,0.17,0.8155,0.2985,0.155,0.275,13
I,0.425,0.34,0.1,0.382,0.164,0.096,0.1,6
M,0.59,0.465,0.155,1.136,0.5245,0.2615,0.275,11
M,0.65,0.51,0.175,1.446,0.6485,0.2705,0.45,12
M,0.42,0.325,0.115,0.2885,0.1,0.057,0.1135,15
F,0.665,0.5,0.175,1.742,0.595,0.3025,0.725,21
F,0.615,0.5,0.165,1.327,0.6,0.3015,0.355,10
F,0.64,0.51,0.2,1.3905,0.61,0.3315,0.41,12
M,0.54,0.415,0.17,0.879,0.339,0.208,0.255,10
F,0.615,0.495,0.165,1.198,0.5415,0.2865,0.3185,10
M,0.475,0.36,0.12,0.578,0.2825,0.12,0.17,8
M,0.485,0.37,0.155,0.968,0.419,0.2455,0.2365,9
F,0.43,0.325,0.12,0.445,0.165,0.0995,0.155,8
I,0.515,0.39,0.125,0.5705,0.238,0.1265,0.185,8
F,0.565,0.45,0.135,0.9885,0.387,0.1495,0.31,12
M,0.565,0.445,0.14,0.836,0.406,0.1605,0.2245,9
I,0.455,0.345,0.11,0.434,0.207,0.0855,0.1215,8
F,0.65,0.5,0.185,1.4415,0.741,0.2955,0.341,9
I,0.345,0.275,0.095,0.1995,0.0755,0.0535,0.07,6
I,0.44,0.32,0.095,0.3275,0.1495,0.059,0.1,8
M,0.66,0.515,0.2,1.6465,0.749,0.422,0.401,11
M,0.515,0.38,0.135,0.6615,0.2875,0.2095,0.155,10
F,0.48,0.38,0.12,0.608,0.2705,0.1405,0.185,8
M,0.455,0.34,0.135,0.462,0.1675,0.158,0.12,9
F,0.725,0.58,0.185,1.523,0.8045,0.3595,0.4375,9
F,0.52,0.405,0.145,0.829,0.3535,0.1685,0.205,15
I,0.31,0.215,0.075,0.1275,0.0565,0.0275,0.036,7
I,0.465,0.365,0.115,0.467,0.2315,0.0925,0.113,7
I,0.35,0.25,0.07,0.1605,0.0715,0.0335,0.046,6
M,0.505,0.39,0.105,0.6555,0.2595,0.18,0.19,11
F,0.595,0.495,0.185,1.285,0.416,0.224,0.485,13
I,0.52,0.385,0.115,0.581,0.2555,0.156,0.143,10
M,0.6,0.495,0.185,1.1145,0.5055,0.2635,0.367,11
M,0.545,0.415,0.14,0.82,0.4615,0.127,0.218,9
F,0.54,0.385,0.14,0.7655,0.3265,0.116,0.2365,10
F,0.59,0.455,0.175,0.966,0.391,0.2455,0.31,10
I,0.59,0.46,0.125,0.755,0.334,0.15,0.238,9
M,0.545,0.43,0.155,0.8035,0.409,0.144,0.228,7
M,0.575,0.445,0.145,0.847,0.415,0.1945,0.22,9
I,0.65,0.515,0.16,1.1625,0.495,0.203,0.33,17
M,0.615,0.475,0.17,1.1825,0.474,0.2895,0.24,11
I,0.625,0.43,0.175,1.411,0.572,0.297,0.395,12
F,0.55,0.425,0.14,0.952,0.4895,0.1945,0.2185,7
M,0.505,0.405,0.11,0.625,0.305,0.16,0.175,9
I,0.435,0.34,0.12,0.396,0.1775,0.081,0.125,8
M,0.415,0.315,0.12,0.4015,0.199,0.087,0.097,8
M,0.34,0.255,0.095,0.213,0.081,0.034,0.07,9
M,0.65,0.51,0.175,1.3165,0.6345,0.2605,0.364,12
F,0.625,0.5,0.165,1.288,0.573,0.3035,0.315,9
F,0.625,0.47,0.17,1.255,0.525,0.2415,0.405,10
F,0.58,0.45,0.235,1.071,0.3,0.206,0.395,14
F,0.635,0.535,0.19,1.242,0.576,0.2475,0.39,14
M,0.585,0.455,0.145,0.953,0.3945,0.2685,0.258,10
F,0.585,0.435,0.175,0.982,0.4055,0.2495,0.27,10
F,0.66,0.53,0.185,1.3485,0.493,0.245,0.49,12
M,0.645,0.5,0.175,1.286,0.5645,0.288,0.386,12
F,0.545,0.41,0.115,0.6765,0.29,0.158,0.22,9
I,0.33,0.255,0.095,0.172,0.066,0.0255,0.06,6
F,0.61,0.49,0.17,1.1775,0.5655,0.2385,0.295,15
M,0.455,0.355,0.135,0.4745,0.1865,0.0935,0.168,13
I,0.525,0.4,0.14,0.601,0.2625,0.1285,0.1835,9
I,0.3,0.22,0.08,0.1255,0.055,0.0265,0.039,6
F,0.605,0.48,0.14,0.991,0.4735,0.2345,0.24,8
M,0.695,0.55,0.205,2.173,1.133,0.4665,0.496,10
I,0.465,0.355,0.12,0.4975,0.2375,0.099,0.14,8
F,0.535,0.425,0.135,0.771,0.3765,0.1815,0.1795,8
M,0.595,0.455,0.195,1.3305,0.4595,0.3235,0.345,19
F,0.54,0.425,0.16,0.9455,0.3675,0.2005,0.295,9
M,0.6,0.475,0.175,1.3445,0.549,0.2875,0.36,11
I,0.435,0.345,0.12,0.4475,0.221,0.112,0.125,7
M,0.37,0.28,0.105,0.234,0.0905,0.0585,0.075,9
I,0.415,0.31,0.1,0.2805,0.114,0.0565,0.0975,6
I,0.45,0.335,0.105,0.362,0.1575,0.0795,0.1095,7
M,0.59,0.475,0.14,0.977,0.4625,0.2025,0.275,10
F,0.625,0.49,0.155,1.2085,0.465,0.162,0.411,11
I,0.375,0.275,0.085,0.22,0.109,0.05,0.0605,7
M,0.58,0.45,0.145,1.0025,0.547,0.1975,0.2295,8
I,0.35,0.255,0.09,0.1785,0.0855,0.0305,0.0525,8
M,0.55,0.44,0.135,0.879,0.368,0.2095,0.265,10
M,0.615,0.46,0.17,1.0565,0.4815,0.272,0.27,10
F,0.68,0.55,0.19,1.807,0.8225,0.3655,0.515,11
I,0.475,0.35,0.1,0.4545,0.2165,0.111,0.115,7
F,0.695,0.535,0.2,1.5855,0.667,0.334,0.471,11
M,0.57,0.45,0.155,0.91,0.326,0.1895,0.355,14
M,0.63,0.485,0.16,1.243,0.623,0.275,0.3,10
M,0.42,0.345,0.105,0.43,0.175,0.096,0.13,7
M,0.635,0.5,0.17,1.4345,0.611,0.309,0.418,12
I,0.27,0.19,0.08,0.081,0.0265,0.0195,0.03,6
I,0.5,0.375,0.14,0.559,0.2375,0.135,0.169,9
F,0.595,0.45,0.15,1.114,0.5865,0.2205,0.25,11
M,0.71,0.565,0.205,2.198,1.012,0.5225,0.5475,11
F,0.675,0.535,0.16,1.41,0.592,0.3175,0.42,16
I,0.195,0.15,0.045,0.0375,0.018,0.006,0.011,3
I,0.52,0.415,0.16,0.595,0.2105,0.142,0.26,15
M,0.58,0.465,0.16,1.0345,0.315,0.26,0.3635,12
M,0.615,0.495,0.2,1.219,0.564,0.227,0.3885,10
M,0.725,0.565,0.215,1.891,0.6975,0.4725,0.58,16
M,0.74,0.595,0.19,2.3235,1.1495,0.5115,0.505,11
M,0.575,0.445,0.17,1.0225,0.549,0.2175,0.228,9
M,0.545,0.45,0.15,0.978,0.3365,0.1905,0.3,11
I,0.465,0.325,0.14,0.7615,0.362,0.1535,0.209,10
M,0.575,0.455,0.165,0.867,0.3765,0.1805,0.268,8
I,0.485,0.365,0.105,0.5205,0.195,0.123,0.182,8
M,0.335,0.26,0.075,0.22,0.0855,0.04,0.085,6
F,0.655,0.455,0.17,1.275,0.583,0.303,0.333,8
M,0.67,0.54,0.175,1.482,0.739,0.2925,0.365,10
M,0.61,0.49,0.16,1.112,0.465,0.228,0.341,10
M,0.595,0.455,0.155,1.041,0.416,0.2105,0.365,14
M,0.58,0.44,0.15,1.0465,0.518,0.2185,0.2795,10
F,0.585,0.475,0.185,0.8575,0.3465,0.1785,0.275,12
M,0.62,0.46,0.17,1.127,0.535,0.2635,0.296,7
M,0.51,0.41,0.155,1.2825,0.569,0.291,0.3795,9
M,0.495,0.4,0.12,0.6605,0.2605,0.161,0.19,15
F,0.64,0.515,0.205,1.5335,0.6635,0.3345,0.4025,9
I,0.635,0.48,0.2,1.3655,0.6255,0.2595,0.425,16
I,0.42,0.31,0.095,0.279,0.1255,0.051,0.088,6
F,0.535,0.4,0.15,1.224,0.618,0.275,0.2875,10
F,0.52,0.415,0.145,0.8045,0.3325,0.1725,0.285,10
F,0.68,0.5,0.185,1.741,0.7665,0.3255,0.4685,12
M,0.56,0.425,0.135,0.849,0.3265,0.221,0.2645,10
F,0.525,0.415,0.15,0.7055,0.329,0.147,0.199,10
F,0.62,0.475,0.175,1.0165,0.4355,0.214,0.325,10
F,0.525,0.41,0.15,0.708,0.274,0.151,0.25,12
I,0.5,0.395,0.145,0.7865,0.332,0.1815,0.2455,8
I,0.63,0.465,0.15,1.0315,0.4265,0.24,0.325,11
F,0.485,0.365,0.15,0.9145,0.4145,0.199,0.273,7
M,0.485,0.39,0.085,0.6435,0.2945,0.103,0.198,8
F,0.565,0.455,0.15,0.8205,0.365,0.159,0.26,18
F,0.625,0.485,0.2,1.38,0.5845,0.302,0.401,9
M,0.52,0.41,0.115,0.77,0.263,0.157,0.26,11
I,0.615,0.49,0.155,0.9885,0.4145,0.195,0.345,13
F,0.53,0.455,0.165,0.9805,0.3155,0.2815,0.2965,11
M,0.5,0.405,0.14,0.6155,0.241,0.1355,0.205,9
M,0.7,0.6,0.23,2.003,0.8105,0.4045,0.5755,10
M,0.425,0.305,0.11,0.359,0.173,0.0875,0.0975,9
M,0.445,0.37,0.125,0.515,0.2495,0.087,0.159,9
I,0.53,0.42,0.13,0.658,0.296,0.1245,0.198,8
M,0.51,0.415,0.14,0.8185,0.3025,0.2155,0.235,16
I,0.38,0.285,0.085,0.237,0.115,0.0405,0.07,6
I,0.295,0.22,0.065,0.1295,0.052,0.028,0.035,6
I,0.525,0.38,0.135,0.615,0.261,0.159,0.175,8
I,0.36,0.275,0.085,0.1975,0.0745,0.0415,0.07,9
M,0.625,0.48,0.16,1.2415,0.6575,0.2625,0.2785,9
M,0.57,0.405,0.16,0.9245,0.3445,0.2185,0.295,19
M,0.555,0.425,0.15,0.873,0.4625,0.1845,0.1965,9
M,0.545,0.44,0.12,0.8565,0.3475,0.1715,0.24,12
F,0.535,0.415,0.17,0.879,0.295,0.1965,0.285,10
M,0.545,0.41,0.14,0.625,0.223,0.16,0.235,13
F,0.555,0.42,0.11,0.931,0.4445,0.171,0.225,8
F,0.58,0.475,0.165,1.0385,0.414,0.26,0.305,13
M,0.625,0.49,0.165,1.1165,0.4895,0.2615,0.3325,11
F,0.38,0.325,0.11,0.3105,0.12,0.074,0.105,10
F,0.69,0.56,0.215,1.719,0.68,0.299,0.47,17
M,0.665,0.505,0.16,1.289,0.6145,0.253,0.3665,11
I,0.5,0.37,0.115,0.5745,0.306,0.112,0.141,7
M,0.58,0.445,0.135,0.814,0.3775,0.1915,0.22,9
F,0.625,0.485,0.15,1.0945,0.531,0.261,0.296,10
F,0.46,0.355,0.13,0.458,0.192,0.1055,0.13,13
I,0.305,0.215,0.065,0.1075,0.044,0.0205,0.038,5
I,0.42,0.325,0.125,0.3915,0.1575,0.1025,0.115,9
M,0.515,0.385,0.13,0.623,0.2855,0.1285,0.175,10
F,0.67,0.525,0.195,1.37,0.6065,0.2955,0.407,12
M,0.72,0.56,0.18,1.5865,0.691,0.375,0.4425,11
I,0.35,0.235,0.08,0.17,0.0725,0.0465,0.0495,7
I,0.16,0.11,0.025,0.018,0.0065,0.0055,0.005,3
F,0.635,0.49,0.17,1.2615,0.5385,0.2665,0.38,9
I,0.47,0.355,0.145,0.4485,0.156,0.102,0.123,7
F,0.585,0.455,0.17,0.9945,0.4255,0.263,0.2845,11
M,0.29,0.23,0.075,0.1165,0.043,0.0255,0.04,7
F,0.41,0.325,0.105,0.3635,0.159,0.077,0.12,10
M,0.655,0.485,0.195,1.62,0.6275,0.358,0.485,17
M,0.635,0.51,0.155,0.986,0.405,0.2255,0.31,10
F,0.72,0.565,0.18,1.719,0.8465,0.407,0.3875,11
M,0.56,0.44,0.16,0.8645,0.3305,0.2075,0.26,10
F,0.5,0.405,0.15,0.5965,0.253,0.126,0.185,12
I,0.455,0.37,0.11,0.514,0.2385,0.1235,0.126,8
M,0.46,0.36,0.125,0.547,0.2165,0.1105,0.19,8
M,0.64,0.505,0.155,1.1955,0.5565,0.211,0.346,11
M,0.625,0.47,0.175,1.179,0.605,0.258,0.271,9
F,0.575,0.42,0.135,0.857,0.461,0.147,0.2125,10
F,0.63,0.48,0.16,1.199,0.5265,0.335,0.315,11
I,0.235,0.175,0.055,0.067,0.027,0.0125,0.018,6
F,0.66,0.505,0.19,1.4045,0.6255,0.3375,0.3745,9
I,0.62,0.485,0.17,1.208,0.4805,0.3045,0.33,15
I,0.315,0.235,0.055,0.151,0.065,0.027,0.039,6
M,0.465,0.35,0.14,0.5755,0.2015,0.1505,0.19,15
I,0.515,0.4,0.125,0.5625,0.25,0.1245,0.17,7
I,0.56,0.445,0.165,1.0285,0.4535,0.253,0.275,11
M,0.76,0.575,0.19,1.829,0.7035,0.386,0.56,14
F,0.505,0.39,0.115,0.66,0.3045,0.1555,0.175,8
F,0.665,0.525,0.18,1.5785,0.678,0.229,0.456,14
M,0.66,0.52,0.19,1.558,0.755,0.298,0.4,10
M,0.54,0.405,0.155,0.9715,0.3225,0.194,0.29,19
I,0.44,0.33,0.11,0.3705,0.1545,0.084,0.12,7
I,0.635,0.505,0.19,1.3315,0.5805,0.252,0.435,17
F,0.625,0.525,0.195,1.352,0.4505,0.2445,0.53,13
F,0.64,0.475,0.14,1.0725,0.4895,0.2295,0.31,8
F,0.54,0.44,0.135,0.959,0.2385,0.221,0.3,17
M,0.45,0.35,0.13,0.46,0.174,0.111,0.135,8
F,0.63,0.5,0.18,1.1965,0.514,0.2325,0.3995,8
M,0.58,0.46,0.15,1.0165,0.491,0.221,0.265,9
M,0.355,0.26,0.085,0.1905,0.081,0.0485,0.055,6
I,0.405,0.305,0.1,0.271,0.0965,0.061,0.091,7
I,0.13,0.095,0.035,0.0105,0.005,0.0065,0.0035,4
F,0.66,0.525,0.18,1.5965,0.7765,0.397,0.3605,10
F,0.52,0.375,0.135,0.5375,0.221,0.117,0.17,8
M,0.715,0.525,0.2,1.89,0.95,0.436,0.4305,10
M,0.565,0.425,0.16,0.9425,0.3495,0.2185,0.275,17
F,0.705,0.57,0.18,1.5345,0.96,0.4195,0.43,12
F,0.415,0.305,0.105,0.3605,0.12,0.082,0.1,10
M,0.65,0.51,0.19,1.542,0.7155,0.3735,0.375,9
I,0.455,0.335,0.105,0.422,0.229,0.0865,0.1,6
I,0.185,0.135,0.04,0.027,0.0105,0.0055,0.009,5
I,0.43,0.32,0.1,0.3855,0.192,0.0745,0.1,7
M,0.57,0.455,0.15,0.96,0.387,0.2385,0.275,11
F,0.515,0.405,0.12,0.646,0.2895,0.1405,0.177,10
I,0.62,0.475,0.16,0.907,0.371,0.167,0.3075,11
F,0.49,0.355,0.16,0.8795,0.3485,0.215,0.2825,8
I,0.435,0.335,0.1,0.3295,0.129,0.07,0.11,7
I,0.575,0.44,0.125,0.8515,0.4555,0.1715,0.1965,9
I,0.46,0.365,0.11,0.4495,0.1755,0.102,0.15,8
I,0.53,0.4,0.125,0.617,0.279,0.127,0.19,8
M,0.645,0.51,0.16,1.1835,0.556,0.2385,0.345,11
I,0.455,0.36,0.115,0.457,0.2085,0.0855,0.147,10
F,0.665,0.515,0.185,1.3405,0.5595,0.293,0.4375,11
I,0.595,0.47,0.135,0.9365,0.434,0.184,0.287,10
I,0.425,0.34,0.105,0.389,0.2015,0.0905,0.088,6
F,0.64,0.48,0.145,1.1145,0.508,0.24,0.34,10
M,0.62,0.485,0.205,1.219,0.3875,0.2505,0.385,14
M,0.495,0.4,0.155,0.8085,0.2345,0.1155,0.35,6
I,0.365,0.27,0.085,0.2225,0.0935,0.0525,0.066,7
I,0.35,0.26,0.095,0.221,0.0985,0.043,0.07,8
F,0.465,0.39,0.11,0.6355,0.1815,0.157,0.225,13
M,0.445,0.345,0.09,0.3795,0.143,0.074,0.125,10
F,0.68,0.55,0.21,1.7445,0.5975,0.305,0.625,17
I,0.42,0.315,0.1,0.3435,0.157,0.0795,0.09,6
M,0.52,0.435,0.195,0.973,0.2985,0.2135,0.355,18
F,0.535,0.42,0.13,0.699,0.3125,0.1565,0.2035,8
M,0.605,0.485,0.175,1.145,0.4325,0.27,0.405,16
F,0.57,0.445,0.145,0.8775,0.412,0.217,0.22,8
F,0.605,0.505,0.18,1.434,0.7285,0.264,0.431,11
F,0.565,0.505,0.21,1.2765,0.501,0.279,0.355,12
I,0.45,0.33,0.105,0.448,0.208,0.089,0.12,9
I,0.475,0.365,0.105,0.4175,0.1645,0.099,0.127,7
F,0.55,0.43,0.14,0.8105,0.368,0.161,0.275,9
F,0.62,0.485,0.175,1.2155,0.545,0.253,0.345,10
F,0.585,0.47,0.17,1.099,0.3975,0.2325,0.358,20
I,0.57,0.44,0.15,0.755,0.3425,0.16,0.224,8
M,0.68,0.545,0.185,1.672,0.7075,0.364,0.48,11
M,0.245,0.18,0.065,0.0635,0.0245,0.0135,0.02,4
I,0.45,0.35,0.14,0.474,0.21,0.109,0.1275,16
M,0.75,0.595,0.205,2.2205,1.083,0.421,0.63,12
F,0.595,0.465,0.14,1.113,0.5175,0.244,0.305,12
F,0.625,0.48,0.17,1.3525,0.6235,0.278,0.365,10
M,0.585,0.455,0.14,0.97,0.462,0.185,0.295,9
M,0.35,0.26,0.09,0.195,0.0745,0.041,0.0655,9
I,0.475,0.365,0.115,0.459,0.2175,0.093,0.1165,7
I,0.485,0.375,0.13,0.5535,0.266,0.112,0.157,8
I,0.52,0.38,0.13,0.5345,0.2375,0.122,0.1535,8
F,0.585,0.455,0.165,0.998,0.345,0.2495,0.315,12
M,0.655,0.52,0.18,1.492,0.7185,0.36,0.355,11
M,0.615,0.505,0.165,1.167,0.4895,0.2955,0.345,10
M,0.455,0.375,0.125,0.484,0.2155,0.102,0.165,7
F,0.64,0.485,0.185,1.4195,0.6735,0.3465,0.3255,11
M,0.605,0.445,0.14,0.982,0.4295,0.2085,0.295,12
I,0.36,0.27,0.085,0.196,0.0875,0.035,0.064,4
M,0.64,0.495,0.17,1.139,0.5395,0.282,0.285,10
I,0.275,0.195,0.065,0.106,0.054,0.02,0.028,6
I,0.465,0.355,0.09,0.4325,0.2005,0.074,0.1275,9
M,0.635,0.49,0.175,1.375,0.623,0.2705,0.395,11
F,0.605,0.475,0.175,1.076,0.463,0.2195,0.335,9
M,0.67,0.535,0.19,1.669,0.7465,0.2935,0.508,11
M,0.67,0.505,0.16,1.2585,0.6255,0.311,0.308,12
F,0.54,0.42,0.145,0.8655,0.4315,0.163,0.2175,10
M,0.44,0.34,0.105,0.402,0.1305,0.0955,0.165,10
F,0.56,0.44,0.155,0.6405,0.336,0.1765,0.245,8
M,0.56,0.42,0.15,0.8755,0.44,0.1965,0.2315,8
I,0.59,0.45,0.16,0.893,0.2745,0.2185,0.345,14
I,0.285,0.21,0.055,0.101,0.0415,0.017,0.0335,5
M,0.54,0.415,0.145,0.74,0.2635,0.168,0.245,12
I,0.48,0.355,0.115,0.4725,0.2065,0.112,0.132,8
I,0.425,0.31,0.095,0.3505,0.1645,0.071,0.1,8
I,0.575,0.445,0.16,0.9175,0.45,0.1935,0.24,9
M,0.635,0.475,0.17,1.1935,0.5205,0.2695,0.3665,10
M,0.565,0.44,0.155,0.868,0.348,0.217,0.26,11
M,0.35,0.275,0.11,0.2925,0.1225,0.0635,0.0905,8
I,0.375,0.265,0.095,0.196,0.085,0.042,0.0585,5
M,0.605,0.475,0.175,1.201,0.5395,0.275,0.309,10
M,0.265,0.2,0.065,0.084,0.034,0.0105,0.03,7
F,0.575,0.46,0.165,1.065,0.4985,0.2145,0.2815,8
M,0.665,0.525,0.165,1.338,0.5515,0.3575,0.35,18
I,0.515,0.4,0.125,0.5925,0.265,0.1175,0.168,9
I,0.265,0.195,0.055,0.084,0.0365,0.0175,0.025,7
M,0.375,0.3,0.1,0.2465,0.104,0.0475,0.083,11
M,0.6,0.465,0.165,1.0475,0.465,0.2345,0.315,11
M,0.465,0.36,0.11,0.4955,0.2665,0.085,0.121,7
M,0.625,0.515,0.165,1.217,0.667,0.2065,0.3115,10
I,0.455,0.365,0.135,0.441,0.1515,0.1165,0.145,9
F,0.455,0.35,0.14,0.5185,0.221,0.1265,0.135,10
I,0.52,0.395,0.115,0.6445,0.3155,0.1245,0.186,11
M,0.585,0.45,0.175,1.1275,0.4925,0.262,0.335,11
M,0.415,0.31,0.09,0.3245,0.1305,0.0735,0.115,8
M,0.62,0.45,0.2,0.858,0.4285,0.1525,0.2405,8
I,0.255,0.195,0.07,0.0735,0.0255,0.02,0.025,6
I,0.53,0.415,0.13,0.694,0.3905,0.111,0.167,9
F,0.515,0.39,0.13,0.5755,0.1975,0.13,0.1845,9
M,0.495,0.385,0.135,0.6335,0.2,0.1225,0.26,14
F,0.71,0.565,0.195,1.7265,0.638,0.3365,0.565,17
M,0.69,0.525,0.2,1.7825,0.9165,0.3325,0.461,12
M,0.545,0.42,0.145,0.778,0.3745,0.1545,0.205,7
I,0.205,0.15,0.055,0.042,0.0255,0.015,0.012,5
I,0.575,0.45,0.15,0.858,0.449,0.166,0.215,10
M,0.555,0.4,0.13,0.7075,0.332,0.1585,0.18,7
I,0.51,0.4,0.15,0.745,0.2865,0.1675,0.235,13
M,0.6,0.455,0.17,1.1915,0.696,0.2395,0.24,8
M,0.69,0.53,0.19,1.5955,0.678,0.331,0.48,10
I,0.445,0.31,0.09,0.336,0.1555,0.09,0.0855,7
F,0.54,0.42,0.14,0.805,0.369,0.1725,0.21,11
I,0.245,0.18,0.065,0.071,0.03,0.013,0.0215,4
M,0.59,0.5,0.2,1.187,0.412,0.2705,0.37,16
F,0.7,0.56,0.175,1.6605,0.8605,0.3275,0.398,11
I,0.515,0.42,0.15,0.6725,0.2555,0.1335,0.235,10
I,0.41,0.31,0.09,0.339,0.155,0.0695,0.09,7
M,0.575,0.435,0.14,0.8455,0.401,0.191,0.222,9
I,0.52,0.4,0.145,0.66,0.267,0.1055,0.22,13
M,0.62,0.515,0.175,1.221,0.535,0.241,0.395,13
M,0.54,0.415,0.13,0.8245,0.272,0.226,0.24,13
I,0.39,0.29,0.09,0.2625,0.117,0.054,0.077,7
M,0.585,0.48,0.185,1.04,0.434,0.265,0.285,10
I,0.57,0.45,0.145,0.751,0.2825,0.2195,0.2215,10
M,0.66,0.505,0.19,1.4385,0.6775,0.285,0.178,11
I,0.535,0.41,0.155,0.6315,0.2745,0.1415,0.1815,12
I,0.49,0.37,0.11,0.538,0.271,0.1035,0.139,8
I,0.535,0.4,0.145,0.705,0.3065,0.1365,0.22,10
I,0.61,0.475,0.17,1.0385,0.4435,0.241,0.32,14
M,0.61,0.485,0.16,1.0145,0.5315,0.212,0.2415,8
M,0.63,0.48,0.185,1.21,0.53,0.2555,0.322,11
I,0.38,0.275,0.11,0.256,0.11,0.0535,0.0755,6
M,0.5,0.38,0.155,0.5955,0.2135,0.161,0.2,12
M,0.64,0.505,0.165,1.4435,0.6145,0.3035,0.39,18
I,0.525,0.405,0.145,0.6965,0.3045,0.1535,0.21,8
M,0.645,0.505,0.15,1.1605,0.519,0.2615,0.335,10
I,0.475,0.36,0.125,0.4905,0.205,0.1305,0.125,8
F,0.58,0.455,0.16,0.9215,0.312,0.196,0.3,17
I,0.265,0.195,0.06,0.092,0.0345,0.025,0.0245,6
M,0.7,0.55,0.2,1.523,0.693,0.306,0.4405,13
F,0.57,0.435,0.15,0.8295,0.3875,0.156,0.245,10
M,0.515,0.395,0.135,1.007,0.472,0.2495,0.252,8
I,0.405,0.3,0.105,0.304,0.1455,0.061,0.0805,6
I,0.435,0.33,0.095,0.393,0.219,0.075,0.0885,6
F,0.655,0.455,0.17,1.2895,0.587,0.3165,0.3415,11
F,0.65,0.535,0.175,1.2895,0.6095,0.2765,0.344,10
F,0.57,0.42,0.16,0.8875,0.4315,0.1915,0.223,8
M,0.605,0.47,0.165,1.2315,0.6025,0.262,0.2925,11
M,0.635,0.51,0.155,1.156,0.428,0.289,0.315,18
M,0.605,0.475,0.175,1.2525,0.5575,0.3055,0.343,9
I,0.405,0.25,0.09,0.2875,0.128,0.063,0.0805,7
I,0.185,0.135,0.045,0.032,0.011,0.0065,0.01,4
M,0.57,0.45,0.135,1.02,0.546,0.204,0.25,9
I,0.36,0.26,0.08,0.1795,0.074,0.0315,0.06,5
F,0.57,0.45,0.16,0.9715,0.3965,0.255,0.26,12
M,0.73,0.585,0.225,2.2305,1.2395,0.422,0.563,14
F,0.485,0.365,0.14,0.6195,0.2595,0.1445,0.177,14
M,0.505,0.4,0.13,0.764,0.3035,0.189,0.2175,11
F,0.535,0.415,0.185,0.8415,0.314,0.1585,0.3,15
F,0.67,0.515,0.17,1.4265,0.6605,0.3395,0.37,11
M,0.485,0.385,0.125,0.4775,0.2,0.0785,0.17,12
M,0.61,0.45,0.15,0.871,0.407,0.1835,0.25,10
I,0.405,0.31,0.065,0.3205,0.1575,0.066,0.088,6
F,0.505,0.475,0.16,1.1155,0.509,0.239,0.3065,8
M,0.275,0.205,0.07,0.094,0.0335,0.02,0.0325,5
F,0.65,0.525,0.165,1.238,0.647,0.2485,0.3005,9
M,0.5,0.385,0.135,0.551,0.2245,0.0715,0.206,11
I,0.25,0.19,0.06,0.0765,0.036,0.0115,0.0245,6
I,0.58,0.44,0.145,0.7905,0.3525,0.1645,0.242,10
M,0.5,0.385,0.12,0.6335,0.2305,0.125,0.235,14
M,0.74,0.57,0.18,1.8725,0.9115,0.427,0.446,10
F,0.635,0.495,0.18,1.596,0.617,0.317,0.37,11
M,0.465,0.34,0.105,0.486,0.231,0.1035,0.1225,9
F,0.565,0.455,0.175,1.013,0.342,0.207,0.35,19
I,0.36,0.275,0.095,0.217,0.084,0.0435,0.09,7
F,0.715,0.525,0.185,1.56,0.6655,0.383,0.405,11
M,0.62,0.5,0.18,1.3915,0.726,0.2795,0.332,11
M,0.425,0.325,0.12,0.3755,0.142,0.1065,0.105,9
M,0.44,0.375,0.13,0.487,0.226,0.0965,0.155,9
F,0.635,0.505,0.165,1.251,0.577,0.227,0.3825,11
M,0.61,0.475,0.17,1.0265,0.435,0.2335,0.3035,10
F,0.53,0.42,0.13,1.001,0.34,0.226,0.265,17
I,0.425,0.325,0.11,0.317,0.135,0.048,0.09,8
I,0.355,0.28,0.1,0.2275,0.0935,0.0455,0.085,11
M,0.635,0.49,0.16,1.101,0.534,0.1865,0.3455,10
F,0.505,0.405,0.18,0.606,0.239,0.1235,0.18,11
I,0.255,0.19,0.06,0.086,0.04,0.0185,0.025,5
M,0.68,0.54,0.195,1.7825,0.5565,0.3235,0.4285,11
M,0.63,0.49,0.155,1.2525,0.63,0.246,0.289,9
M,0.595,0.49,0.185,1.185,0.482,0.2015,0.361,10
M,0.315,0.25,0.09,0.203,0.0615,0.037,0.0795,11
M,0.57,0.43,0.12,1.0615,0.348,0.167,0.31,15
F,0.47,0.355,0.18,0.441,0.1525,0.1165,0.135,8
I,0.435,0.335,0.095,0.298,0.109,0.058,0.115,7
I,0.225,0.16,0.045,0.0465,0.025,0.015,0.015,4
M,0.665,0.525,0.175,1.443,0.6635,0.3845,0.353,11
M,0.545,0.46,0.16,0.8975,0.341,0.1655,0.345,10
F,0.475,0.375,0.15,0.559,0.1955,0.1215,0.1945,12
I,0.36,0.27,0.09,0.219,0.097,0.0405,0.065,6
M,0.65,0.515,0.18,1.463,0.658,0.3135,0.4115,11
M,0.58,0.455,0.17,0.93,0.408,0.259,0.22,9
F,0.455,0.365,0.115,0.4305,0.184,0.108,0.1245,8
I,0.37,0.285,0.095,0.226,0.1135,0.0515,0.0675,8
M,0.62,0.5,0.2,1.221,0.4605,0.263,0.43,12
M,0.63,0.48,0.15,1.1785,0.5185,0.248,0.3235,8
I,0.505,0.4,0.125,0.5605,0.2255,0.1435,0.17,8
M,0.615,0.47,0.145,1.0285,0.4435,0.2825,0.285,11
F,0.655,0.51,0.15,1.043,0.4795,0.223,0.305,9
I,0.36,0.275,0.075,0.2205,0.0985,0.044,0.066,7
F,0.65,0.545,0.175,1.5245,0.59,0.326,0.495,10
M,0.36,0.295,0.13,0.2765,0.0895,0.057,0.1005,10
I,0.28,0.215,0.08,0.132,0.072,0.022,0.033,5
F,0.655,0.46,0.16,1.494,0.6895,0.331,0.1825,9
F,0.52,0.425,0.165,0.9885,0.396,0.225,0.32,16
M,0.46,0.38,0.135,0.482,0.207,0.1225,0.145,10
M,0.43,0.33,0.095,0.34,0.1315,0.085,0.112,14
I,0.54,0.405,0.15,0.7585,0.307,0.2075,0.19,10
I,0.35,0.27,0.09,0.2055,0.075,0.0575,0.062,6
I,0.455,0.435,0.11,0.4265,0.195,0.09,0.1205,8
I,0.415,0.31,0.105,0.3595,0.167,0.083,0.0915,6
I,0.5,0.385,0.155,0.762,0.3795,0.161,0.19,14
F,0.655,0.51,0.16,1.092,0.396,0.2825,0.37,14
M,0.47,0.37,0.135,0.547,0.222,0.1325,0.17,12
I,0.605,0.47,0.14,0.939,0.3385,0.201,0.32,13
I,0.59,0.47,0.145,0.974,0.453,0.236,0.289,8
I,0.325,0.2,0.08,0.0995,0.0395,0.0225,0.032,8
I,0.565,0.43,0.15,0.8215,0.332,0.1685,0.29,11
M,0.575,0.425,0.14,0.8635,0.393,0.227,0.2,11
F,0.59,0.465,0.15,1.151,0.613,0.239,0.2515,9
M,0.595,0.45,0.14,0.838,0.3965,0.194,0.217,10
M,0.66,0.5,0.165,1.3195,0.667,0.269,0.341,9
F,0.58,0.475,0.155,0.974,0.4305,0.23,0.285,10
I,0.395,0.29,0.095,0.3,0.158,0.068,0.078,7
M,0.57,0.46,0.15,1.0375,0.5415,0.2035,0.25,9
M,0.505,0.385,0.13,0.6435,0.3135,0.149,0.1515,7
I,0.31,0.24,0.09,0.1455,0.0605,0.0315,0.045,7
M,0.5,0.355,0.14,0.528,0.2125,0.149,0.14,9
M,0.655,0.59,0.2,1.5455,0.654,0.3765,0.415,11
M,0.65,0.5,0.14,1.238,0.6165,0.2355,0.32,8
I,0.58,0.46,0.14,0.9265,0.4135,0.1845,0.27,10
M,0.36,0.295,0.105,0.241,0.0865,0.053,0.095,8
M,0.51,0.415,0.145,0.751,0.3295,0.1835,0.203,8
I,0.53,0.415,0.11,0.5745,0.2525,0.1235,0.189,9
I,0.32,0.235,0.09,0.183,0.098,0.0335,0.042,7
F,0.71,0.54,0.205,1.5805,0.802,0.287,0.435,10
I,0.465,0.37,0.12,0.4365,0.188,0.0815,0.147,9
I,0.465,0.355,0.12,0.5805,0.255,0.0915,0.184,8
I,0.505,0.395,0.105,0.551,0.248,0.103,0.171,8
F,0.655,0.54,0.175,1.5585,0.7285,0.402,0.385,11
F,0.45,0.36,0.125,0.5065,0.222,0.105,0.16,10
F,0.57,0.465,0.18,1.295,0.339,0.2225,0.44,12
I,0.395,0.32,0.1,0.3075,0.149,0.0535,0.09,8
I,0.415,0.325,0.1,0.4665,0.2285,0.1065,0.114,7
M,0.64,0.515,0.18,1.247,0.5475,0.2925,0.3685,10
M,0.58,0.45,0.12,0.8685,0.418,0.1475,0.2605,8
M,0.55,0.45,0.13,0.92,0.378,0.2385,0.29,11
I,0.56,0.445,0.165,0.832,0.3455,0.179,0.279,9
I,0.485,0.37,0.14,0.5065,0.2425,0.088,0.1465,8
F,0.68,0.515,0.175,1.6185,0.5125,0.409,0.62,12
M,0.66,0.525,0.2,1.489,0.6065,0.3795,0.421,10
M,0.63,0.505,0.165,1.26,0.4525,0.2755,0.406,14
F,0.635,0.49,0.175,1.2435,0.5805,0.313,0.305,10
M,0.63,0.505,0.15,1.3165,0.6325,0.2465,0.37,11
M,0.695,0.525,0.175,1.742,0.696,0.389,0.505,12
M,0.61,0.48,0.15,1.1495,0.564,0.274,0.264,8
I,0.46,0.35,0.11,0.4,0.176,0.083,0.1205,7
M,0.635,0.495,0.15,1.081,0.4825,0.242,0.31,11
I,0.44,0.33,0.135,0.522,0.17,0.0905,0.195,16
M,0.31,0.235,0.06,0.12,0.0415,0.033,0.04,11
I,0.445,0.33,0.1,0.437,0.163,0.0755,0.17,13
F,0.35,0.265,0.09,0.1855,0.0745,0.0415,0.06,7
M,0.505,0.365,0.115,0.521,0.25,0.096,0.15,8
M,0.525,0.425,0.19,0.872,0.4625,0.1725,0.199,9
I,0.61,0.465,0.15,0.9605,0.4495,0.1725,0.286,9
M,0.68,0.54,0.21,1.7885,0.8345,0.408,0.437,13
I,0.355,0.275,0.085,0.22,0.092,0.06,0.15,8
F,0.525,0.41,0.115,0.7745,0.416,0.163,0.18,7
F,0.655,0.54,0.215,1.5555,0.695,0.296,0.444,11
M,0.625,0.49,0.185,1.169,0.5275,0.2535,0.344,11
I,0.555,0.425,0.18,0.875,0.3695,0.2005,0.255,11
F,0.47,0.35,0.145,0.5175,0.187,0.1235,0.18,11
M,0.695,0.56,0.19,1.494,0.588,0.3425,0.485,15
I,0.58,0.47,0.15,0.907,0.444,0.1855,0.2445,11
F,0.62,0.51,0.18,1.233,0.592,0.274,0.322,10
M,0.625,0.52,0.175,1.4105,0.691,0.322,0.3465,10
F,0.705,0.535,0.22,1.866,0.929,0.3835,0.4395,10
M,0.6,0.45,0.195,1.34,0.617,0.3255,0.3605,10
F,0.625,0.475,0.175,1.1435,0.4755,0.2475,0.349,10
F,0.58,0.425,0.155,0.873,0.3615,0.249,0.239,10
M,0.725,0.575,0.24,2.21,1.351,0.413,0.5015,13
I,0.515,0.42,0.135,0.711,0.337,0.144,0.205,13
I,0.545,0.43,0.13,0.7595,0.358,0.153,0.2055,8
F,0.575,0.45,0.17,1.0475,0.3775,0.1705,0.385,18
F,0.57,0.45,0.15,0.9645,0.531,0.189,0.209,9
F,0.635,0.525,0.18,1.3695,0.634,0.318,0.363,11
F,0.53,0.405,0.13,0.6355,0.2635,0.1565,0.185,9
M,0.48,0.38,0.135,0.528,0.2,0.1395,0.16,14
I,0.405,0.31,0.09,0.312,0.138,0.06,0.087,8
F,0.645,0.515,0.15,1.212,0.515,0.2055,0.385,10
M,0.625,0.475,0.175,1.3405,0.656,0.283,0.337,10
I,0.55,0.435,0.125,0.741,0.348,0.1585,0.206,9
F,0.65,0.545,0.185,1.5055,0.6565,0.341,0.43,10
F,0.565,0.48,0.175,0.957,0.3885,0.215,0.275,18
F,0.665,0.525,0.21,1.644,0.818,0.3395,0.4275,10
I,0.395,0.295,0.09,0.3025,0.143,0.0665,0.0765,5
M,0.515,0.385,0.11,0.5785,0.253,0.16,0.14,8
M,0.635,0.525,0.185,1.4065,0.684,0.3,0.3745,10
I,0.635,0.5,0.165,1.489,0.715,0.3445,0.3615,13
I,0.515,0.4,0.14,0.7165,0.3495,0.1595,0.1785,8
I,0.36,0.27,0.085,0.2185,0.1065,0.038,0.062,6
I,0.4,0.315,0.09,0.33,0.151,0.068,0.08,6
M,0.6,0.48,0.09,1.05,0.457,0.2685,0.28,8
F,0.425,0.345,0.11,0.3665,0.125,0.081,0.117,11
I,0.35,0.26,0.09,0.1765,0.072,0.0355,0.0575,7
F,0.49,0.39,0.135,0.59,0.215,0.125,0.1845,12
M,0.72,0.575,0.215,2.173,0.9515,0.564,0.5365,12
M,0.2,0.14,0.055,0.035,0.0145,0.008,0.01,5
M,0.65,0.525,0.19,1.3685,0.5975,0.296,0.4,11
I,0.34,0.265,0.08,0.2015,0.09,0.0475,0.055,5
I,0.44,0.345,0.13,0.4495,0.209,0.0835,0.134,6
F,0.56,0.43,0.145,0.898,0.3895,0.2325,0.245,9
F,0.57,0.44,0.14,0.9535,0.3785,0.201,0.305,17
I,0.525,0.4,0.11,0.6275,0.3015,0.126,0.18,8
I,0.345,0.285,0.1,0.2225,0.0865,0.058,0.075,8
M,0.555,0.435,0.145,0.9205,0.404,0.2275,0.255,8
I,0.33,0.25,0.105,0.1715,0.0655,0.035,0.06,7
M,0.63,0.515,0.165,1.352,0.488,0.349,0.45,20
F,0.6,0.5,0.16,1.122,0.5095,0.256,0.309,10
M,0.57,0.48,0.18,0.9395,0.399,0.2,0.295,14
M,0.4,0.305,0.13,0.2935,0.096,0.0675,0.105,9
I,0.42,0.33,0.1,0.352,0.1635,0.089,0.1,9
I,0.395,0.31,0.085,0.317,0.153,0.0505,0.0935,7
F,0.605,0.475,0.175,1.382,0.609,0.2325,0.3985,10
M,0.515,0.38,0.175,0.9565,0.325,0.158,0.31,14
M,0.485,0.385,0.105,0.556,0.296,0.104,0.133,7
M,0.575,0.45,0.155,0.948,0.429,0.206,0.259,7
I,0.49,0.385,0.12,0.591,0.271,0.1125,0.1775,9
I,0.41,0.305,0.095,0.2625,0.1,0.0515,0.09,6
F,0.625,0.49,0.175,1.1075,0.4485,0.2165,0.3595,8
F,0.425,0.35,0.1,0.4425,0.175,0.0755,0.175,7
M,0.485,0.4,0.135,0.663,0.313,0.137,0.2,10
F,0.49,0.38,0.145,0.6725,0.249,0.181,0.21,10
I,0.165,0.12,0.05,0.021,0.0075,0.0045,0.014,3
